file,class_name,class_id,distance_m,seismometer,original_index
elephant/elephant_025729.npy,elephant,2,32.36286163330078,11,25729
elephant/elephant_025730.npy,elephant,2,32.36286163330078,11,25730
elephant/elephant_025731.npy,elephant,2,32.36286163330078,11,25731
elephant/elephant_025732.npy,elephant,2,32.36286163330078,11,25732
elephant/elephant_025733.npy,elephant,2,32.36286163330078,11,25733
elephant/elephant_025734.npy,elephant,2,32.36286163330078,11,25734
elephant/elephant_025735.npy,elephant,2,32.36286163330078,11,25735
elephant/elephant_025736.npy,elephant,2,32.36286163330078,11,25736
elephant/elephant_025737.npy,elephant,2,32.36286163330078,11,25737
elephant/elephant_025738.npy,elephant,2,32.36286163330078,11,25738
elephant/elephant_025739.npy,elephant,2,32.36286163330078,11,25739
elephant/elephant_025740.npy,elephant,2,32.36286163330078,11,25740
elephant/elephant_025741.npy,elephant,2,32.36286163330078,11,25741
elephant/elephant_025742.npy,elephant,2,32.36286163330078,11,25742
elephant/elephant_025743.npy,elephant,2,32.36286163330078,11,25743
elephant/elephant_025744.npy,elephant,2,32.36286163330078,11,25744
elephant/elephant_025745.npy,elephant,2,32.36286163330078,11,25745
elephant/elephant_025746.npy,elephant,2,32.36286163330078,11,25746
elephant/elephant_025747.npy,elephant,2,32.36286163330078,11,25747
elephant/elephant_025748.npy,elephant,2,32.36286163330078,11,25748
elephant/elephant_025749.npy,elephant,2,32.36286163330078,11,25749
elephant/elephant_025750.npy,elephant,2,32.36286163330078,11,25750
elephant/elephant_025751.npy,elephant,2,32.36286163330078,11,25751
elephant/elephant_025752.npy,elephant,2,32.36286163330078,11,25752
elephant/elephant_025753.npy,elephant,2,32.36286163330078,11,25753
elephant/elephant_025754.npy,elephant,2,32.36286163330078,11,25754
elephant/elephant_025755.npy,elephant,2,32.36286163330078,11,25755
elephant/elephant_025756.npy,elephant,2,32.36286163330078,11,25756
elephant/elephant_025757.npy,elephant,2,32.36286163330078,11,25757
elephant/elephant_025758.npy,elephant,2,32.36286163330078,11,25758
elephant/elephant_025759.npy,elephant,2,32.36286163330078,11,25759
elephant/elephant_025760.npy,elephant,2,32.36286163330078,11,25760
elephant/elephant_025761.npy,elephant,2,32.36286163330078,11,25761
elephant/elephant_025762.npy,elephant,2,32.36286163330078,11,25762
elephant/elephant_025763.npy,elephant,2,32.36286163330078,11,25763
elephant/elephant_025764.npy,elephant,2,32.36286163330078,11,25764
elephant/elephant_025765.npy,elephant,2,32.36286163330078,11,25765
elephant/elephant_025766.npy,elephant,2,32.36286163330078,11,25766
elephant/elephant_025767.npy,elephant,2,32.36286163330078,11,25767
elephant/elephant_025768.npy,elephant,2,32.36286163330078,11,25768
elephant/elephant_065235.npy,elephant,2,19.951248168945312,11,65235
elephant/elephant_065236.npy,elephant,2,19.951248168945312,11,65236
elephant/elephant_065237.npy,elephant,2,19.951248168945312,11,65237
elephant/elephant_065238.npy,elephant,2,19.951248168945312,11,65238
elephant/elephant_065239.npy,elephant,2,19.951248168945312,11,65239
elephant/elephant_065240.npy,elephant,2,19.951248168945312,11,65240
elephant/elephant_065241.npy,elephant,2,19.951248168945312,11,65241
elephant/elephant_065242.npy,elephant,2,19.951248168945312,11,65242
elephant/elephant_065243.npy,elephant,2,19.951248168945312,11,65243
elephant/elephant_065244.npy,elephant,2,19.951248168945312,11,65244
elephant/elephant_066138.npy,elephant,2,61.76383972167969,3,66138
elephant/elephant_066139.npy,elephant,2,75.51728057861328,4,66139
elephant/elephant_066140.npy,elephant,2,66.62643432617188,5,66140
elephant/elephant_066141.npy,elephant,2,98.1031265258789,17,66141
elephant/elephant_066142.npy,elephant,2,85.18428802490234,18,66142
elephant/elephant_066143.npy,elephant,2,92.95551300048828,19,66143
elephant/elephant_066144.npy,elephant,2,61.76383972167969,3,66144
elephant/elephant_066145.npy,elephant,2,75.51728057861328,4,66145
elephant/elephant_066146.npy,elephant,2,66.62643432617188,5,66146
elephant/elephant_066147.npy,elephant,2,98.1031265258789,17,66147
elephant/elephant_066148.npy,elephant,2,85.18428802490234,18,66148
elephant/elephant_066149.npy,elephant,2,92.95551300048828,19,66149
elephant/elephant_066150.npy,elephant,2,61.76383972167969,3,66150
elephant/elephant_066151.npy,elephant,2,75.51728057861328,4,66151
elephant/elephant_066152.npy,elephant,2,66.62643432617188,5,66152
elephant/elephant_066153.npy,elephant,2,98.1031265258789,17,66153
elephant/elephant_066154.npy,elephant,2,85.18428802490234,18,66154
elephant/elephant_066155.npy,elephant,2,92.95551300048828,19,66155
elephant/elephant_066156.npy,elephant,2,61.76383972167969,3,66156
elephant/elephant_066157.npy,elephant,2,75.51728057861328,4,66157
elephant/elephant_066158.npy,elephant,2,66.62643432617188,5,66158
elephant/elephant_066159.npy,elephant,2,98.1031265258789,17,66159
elephant/elephant_066160.npy,elephant,2,85.18428802490234,18,66160
elephant/elephant_066161.npy,elephant,2,92.95551300048828,19,66161
elephant/elephant_066162.npy,elephant,2,61.76383972167969,3,66162
elephant/elephant_066163.npy,elephant,2,75.51728057861328,4,66163
elephant/elephant_066164.npy,elephant,2,66.62643432617188,5,66164
elephant/elephant_066165.npy,elephant,2,98.1031265258789,17,66165
elephant/elephant_066166.npy,elephant,2,85.18428802490234,18,66166
elephant/elephant_066167.npy,elephant,2,92.95551300048828,19,66167
elephant/elephant_066168.npy,elephant,2,61.76383972167969,3,66168
elephant/elephant_066169.npy,elephant,2,75.51728057861328,4,66169
elephant/elephant_066170.npy,elephant,2,66.62643432617188,5,66170
elephant/elephant_066171.npy,elephant,2,98.1031265258789,17,66171
elephant/elephant_066172.npy,elephant,2,85.18428802490234,18,66172
elephant/elephant_066173.npy,elephant,2,92.95551300048828,19,66173
elephant/elephant_066174.npy,elephant,2,61.76383972167969,3,66174
elephant/elephant_066175.npy,elephant,2,75.51728057861328,4,66175
elephant/elephant_066176.npy,elephant,2,66.62643432617188,5,66176
elephant/elephant_066177.npy,elephant,2,98.1031265258789,17,66177
elephant/elephant_066178.npy,elephant,2,85.18428802490234,18,66178
elephant/elephant_066179.npy,elephant,2,92.95551300048828,19,66179
elephant/elephant_066180.npy,elephant,2,61.76383972167969,3,66180
elephant/elephant_066181.npy,elephant,2,75.51728057861328,4,66181
elephant/elephant_066182.npy,elephant,2,66.62643432617188,5,66182
elephant/elephant_066183.npy,elephant,2,98.1031265258789,17,66183
elephant/elephant_066184.npy,elephant,2,85.18428802490234,18,66184
elephant/elephant_066185.npy,elephant,2,92.95551300048828,19,66185
elephant/elephant_066186.npy,elephant,2,61.76383972167969,3,66186
elephant/elephant_066187.npy,elephant,2,75.51728057861328,4,66187
elephant/elephant_066188.npy,elephant,2,66.62643432617188,5,66188
elephant/elephant_066189.npy,elephant,2,98.1031265258789,17,66189
elephant/elephant_066190.npy,elephant,2,85.18428802490234,18,66190
elephant/elephant_066191.npy,elephant,2,92.95551300048828,19,66191
elephant/elephant_066192.npy,elephant,2,61.76383972167969,3,66192
elephant/elephant_066193.npy,elephant,2,75.51728057861328,4,66193
elephant/elephant_066194.npy,elephant,2,66.62643432617188,5,66194
elephant/elephant_066195.npy,elephant,2,98.1031265258789,17,66195
elephant/elephant_066196.npy,elephant,2,85.18428802490234,18,66196
elephant/elephant_066197.npy,elephant,2,92.95551300048828,19,66197
elephant/elephant_066198.npy,elephant,2,61.76383972167969,3,66198
elephant/elephant_066199.npy,elephant,2,75.51728057861328,4,66199
elephant/elephant_066200.npy,elephant,2,66.62643432617188,5,66200
elephant/elephant_066201.npy,elephant,2,98.1031265258789,17,66201
elephant/elephant_066202.npy,elephant,2,85.18428802490234,18,66202
elephant/elephant_066203.npy,elephant,2,92.95551300048828,19,66203
elephant/elephant_066204.npy,elephant,2,61.76383972167969,3,66204
elephant/elephant_066205.npy,elephant,2,75.51728057861328,4,66205
elephant/elephant_066206.npy,elephant,2,66.62643432617188,5,66206
elephant/elephant_066207.npy,elephant,2,98.1031265258789,17,66207
elephant/elephant_066208.npy,elephant,2,85.18428802490234,18,66208
elephant/elephant_066209.npy,elephant,2,92.95551300048828,19,66209
elephant/elephant_066210.npy,elephant,2,61.76383972167969,3,66210
elephant/elephant_066211.npy,elephant,2,75.51728057861328,4,66211
elephant/elephant_066212.npy,elephant,2,66.62643432617188,5,66212
elephant/elephant_066213.npy,elephant,2,98.1031265258789,17,66213
elephant/elephant_066214.npy,elephant,2,85.18428802490234,18,66214
elephant/elephant_066215.npy,elephant,2,92.95551300048828,19,66215
elephant/elephant_066216.npy,elephant,2,61.76383972167969,3,66216
elephant/elephant_066217.npy,elephant,2,75.51728057861328,4,66217
elephant/elephant_066218.npy,elephant,2,66.62643432617188,5,66218
elephant/elephant_066219.npy,elephant,2,98.1031265258789,17,66219
elephant/elephant_066220.npy,elephant,2,85.18428802490234,18,66220
elephant/elephant_066221.npy,elephant,2,92.95551300048828,19,66221
elephant/elephant_066222.npy,elephant,2,61.76383972167969,3,66222
elephant/elephant_066223.npy,elephant,2,75.51728057861328,4,66223
elephant/elephant_066224.npy,elephant,2,66.62643432617188,5,66224
elephant/elephant_066225.npy,elephant,2,98.1031265258789,17,66225
elephant/elephant_066226.npy,elephant,2,85.18428802490234,18,66226
elephant/elephant_066227.npy,elephant,2,92.95551300048828,19,66227
elephant/elephant_066228.npy,elephant,2,61.76383972167969,3,66228
elephant/elephant_066229.npy,elephant,2,75.51728057861328,4,66229
elephant/elephant_066230.npy,elephant,2,66.62643432617188,5,66230
elephant/elephant_066231.npy,elephant,2,98.1031265258789,17,66231
elephant/elephant_066232.npy,elephant,2,85.18428802490234,18,66232
elephant/elephant_066233.npy,elephant,2,92.95551300048828,19,66233
elephant/elephant_066234.npy,elephant,2,61.76383972167969,3,66234
elephant/elephant_066235.npy,elephant,2,75.51728057861328,4,66235
elephant/elephant_066236.npy,elephant,2,66.62643432617188,5,66236
elephant/elephant_066237.npy,elephant,2,98.1031265258789,17,66237
elephant/elephant_066238.npy,elephant,2,85.18428802490234,18,66238
elephant/elephant_066239.npy,elephant,2,92.95551300048828,19,66239
elephant/elephant_066240.npy,elephant,2,61.76383972167969,3,66240
elephant/elephant_066241.npy,elephant,2,75.51728057861328,4,66241
elephant/elephant_066242.npy,elephant,2,66.62643432617188,5,66242
elephant/elephant_066243.npy,elephant,2,98.1031265258789,17,66243
elephant/elephant_066244.npy,elephant,2,85.18428802490234,18,66244
elephant/elephant_066245.npy,elephant,2,92.95551300048828,19,66245
elephant/elephant_066246.npy,elephant,2,61.76383972167969,3,66246
elephant/elephant_066247.npy,elephant,2,75.51728057861328,4,66247
elephant/elephant_066248.npy,elephant,2,66.62643432617188,5,66248
elephant/elephant_066249.npy,elephant,2,98.1031265258789,17,66249
elephant/elephant_066250.npy,elephant,2,85.18428802490234,18,66250
elephant/elephant_066251.npy,elephant,2,92.95551300048828,19,66251
human/human_037999.npy,human,1,146.2910919189453,11,37999
human/human_054027.npy,human,1,63.542823791503906,19,54027
human/human_037493.npy,human,1,127.91941833496094,18,37493
human/human_057416.npy,human,1,83.43883514404297,3,57416
human/human_000479.npy,human,1,36.92877197265625,4,479
human/human_047299.npy,human,1,95.56175994873047,4,47299
human/human_009497.npy,human,1,101.65399169921875,3,9497
human/human_063732.npy,human,1,70.07646942138672,5,63732
human/human_024408.npy,human,1,24.494943618774414,12,24408
human/human_046060.npy,human,1,57.15401840209961,19,46060
human/human_062266.npy,human,1,84.72127532958984,5,62266
human/human_031865.npy,human,1,57.15401840209961,19,31865
human/human_030216.npy,human,1,113.90398406982422,11,30216
human/human_034138.npy,human,1,90.16463470458984,5,34138
human/human_028088.npy,human,1,51.261024475097656,5,28088
human/human_031987.npy,human,1,111.30229187011719,4,31987
human/human_044106.npy,human,1,57.15401840209961,19,44106
human/human_033762.npy,human,1,146.2910919189453,11,33762
human/human_044036.npy,human,1,108.64990234375,4,44036
human/human_040342.npy,human,1,70.07646942138672,5,40342
human/human_004269.npy,human,1,44.48176956176758,4,4269
human/human_015800.npy,human,1,142.22955322265625,19,15800
human/human_047635.npy,human,1,80.7082748413086,3,47635
human/human_055392.npy,human,1,67.32445526123047,18,55392
human/human_070286.npy,human,1,25.094532012939453,3,70286
human/human_036697.npy,human,1,46.97716522216797,18,36697
human/human_042509.npy,human,1,118.61083221435547,18,42509
human/human_002135.npy,human,1,89.76464080810547,3,2135
human/human_006078.npy,human,1,52.87287521362305,4,6078
human/human_031222.npy,human,1,91.99566650390625,3,31222
human/human_060476.npy,human,1,104.60469818115234,5,60476
human/human_005461.npy,human,1,93.20993041992188,11,5461
human/human_010398.npy,human,1,131.18069458007812,11,10398
human/human_022104.npy,human,1,106.8422622680664,4,22104
human/human_016514.npy,human,1,84.4968032836914,11,16514
human/human_070009.npy,human,1,45.31766128540039,12,70009
human/human_006385.npy,human,1,97.55076599121094,3,6385
human/human_046052.npy,human,1,49.858985900878906,18,46052
human/human_056132.npy,human,1,48.17871856689453,18,56132
human/human_028200.npy,human,1,82.0777359008789,3,28200
human/human_014590.npy,human,1,123.81680297851562,3,14590
human/human_005872.npy,human,1,117.2232894897461,4,5872
human/human_027962.npy,human,1,34.0867919921875,11,27962
human/human_021827.npy,human,1,135.551025390625,3,21827
human/human_044978.npy,human,1,89.76464080810547,3,44978
human/human_037381.npy,human,1,127.91941833496094,18,37381
human/human_025411.npy,human,1,126.29489135742188,3,25411
human/human_015345.npy,human,1,108.32960510253906,4,15345
human/human_029557.npy,human,1,137.86233520507812,17,29557
human/human_037915.npy,human,1,146.2910919189453,11,37915
human/human_029732.npy,human,1,103.58285522460938,5,29732
human/human_052907.npy,human,1,91.99566650390625,3,52907
human/human_043014.npy,human,1,91.66184997558594,5,43014
human/human_002457.npy,human,1,46.97716522216797,18,2457
human/human_016139.npy,human,1,139.9649658203125,5,16139
human/human_047313.npy,human,1,86.86238861083984,17,47313
human/human_019496.npy,human,1,140.59898376464844,4,19496
human/human_019079.npy,human,1,126.29489135742188,3,19079
human/human_060088.npy,human,1,24.21230697631836,3,60088
human/human_045038.npy,human,1,62.737640380859375,17,45038
human/human_053526.npy,human,1,97.7297134399414,5,53526
human/human_055724.npy,human,1,87.24581146240234,3,55724
human/human_057424.npy,human,1,91.66184997558594,5,57424
human/human_018774.npy,human,1,105.05522155761719,11,18774
human/human_062486.npy,human,1,81.11181640625,3,62486
human/human_030647.npy,human,1,106.16870880126953,4,30647
human/human_028136.npy,human,1,51.261024475097656,5,28136
human/human_068393.npy,human,1,146.76956176757812,18,68393
human/human_011078.npy,human,1,129.35162353515625,11,11078
human/human_037615.npy,human,1,24.21230697631836,3,37615
human/human_013463.npy,human,1,122.6083755493164,3,13463
human/human_008880.npy,human,1,129.35162353515625,11,8880
human/human_018801.npy,human,1,138.6208953857422,5,18801
human/human_052498.npy,human,1,30.547632217407227,3,52498
human/human_057358.npy,human,1,49.858985900878906,18,57358
human/human_008663.npy,human,1,115.18677520751953,5,8663
human/human_018758.npy,human,1,105.05522155761719,11,18758
human/human_019842.npy,human,1,117.60627746582031,11,19842
human/human_034123.npy,human,1,86.95105743408203,19,34123
human/human_029849.npy,human,1,89.76464080810547,3,29849
human/human_029847.npy,human,1,46.97716522216797,18,29847
human/human_037987.npy,human,1,83.09583282470703,18,37987
human/human_046957.npy,human,1,111.30229187011719,4,46957
human/human_044749.npy,human,1,102.1178970336914,5,44749
human/human_051703.npy,human,1,91.99566650390625,3,51703
human/human_029703.npy,human,1,101.46515655517578,4,29703
human/human_051178.npy,human,1,57.15401840209961,19,51178
human/human_049634.npy,human,1,63.542823791503906,19,49634
human/human_003022.npy,human,1,142.7300262451172,17,3022
human/human_055080.npy,human,1,97.7297134399414,5,55080
human/human_042082.npy,human,1,60.92334747314453,17,42082
human/human_050232.npy,human,1,89.77196502685547,5,50232
human/human_061267.npy,human,1,77.32211303710938,3,61267
human/human_051555.npy,human,1,91.66184997558594,5,51555
human/human_057212.npy,human,1,83.09583282470703,18,57212
human/human_052017.npy,human,1,97.7297134399414,5,52017
human/human_002616.npy,human,1,25.094532012939453,3,2616
human/human_037263.npy,human,1,141.5934295654297,19,37263
human/human_008760.npy,human,1,119.10179138183594,11,8760
human/human_033620.npy,human,1,105.80433654785156,4,33620
human/human_050143.npy,human,1,59.47850036621094,17,50143
human/human_003932.npy,human,1,38.090049743652344,3,3932
human/human_007704.npy,human,1,108.32960510253906,4,7704
human/human_032252.npy,human,1,60.56560134887695,5,32252
human/human_025415.npy,human,1,126.29489135742188,3,25415
human/human_055112.npy,human,1,54.466148376464844,18,55112
human/human_053429.npy,human,1,106.16870880126953,4,53429
human/human_051227.npy,human,1,97.55076599121094,3,51227
human/human_042617.npy,human,1,97.96620178222656,4,42617
human/human_052330.npy,human,1,67.34915924072266,17,52330
human/human_035506.npy,human,1,86.86238861083984,17,35506
human/human_013542.npy,human,1,136.69830322265625,11,13542
human/human_044595.npy,human,1,98.95539855957031,5,44595
human/human_041992.npy,human,1,60.92334747314453,17,41992
human/human_012914.npy,human,1,132.37408447265625,4,12914
human/human_054010.npy,human,1,91.99566650390625,3,54010
human/human_055745.npy,human,1,73.05741882324219,17,55745
human/human_030656.npy,human,1,54.466148376464844,18,30656
human/human_056316.npy,human,1,25.094532012939453,3,56316
human/human_015355.npy,human,1,119.10179138183594,11,15355
human/human_009502.npy,human,1,108.32960510253906,4,9502
human/human_026753.npy,human,1,62.737640380859375,17,26753
human/human_006260.npy,human,1,125.96196746826172,3,6260
human/human_036784.npy,human,1,93.92527770996094,4,36784
human/human_020994.npy,human,1,117.60627746582031,11,20994
human/human_025171.npy,human,1,132.1540069580078,5,25171
human/human_038201.npy,human,1,109.05713653564453,11,38201
human/human_030366.npy,human,1,51.062068939208984,19,30366
human/human_057299.npy,human,1,57.15401840209961,19,57299
human/human_004735.npy,human,1,143.66712951660156,18,4735
human/human_052783.npy,human,1,97.7297134399414,5,52783
human/human_067388.npy,human,1,19.951248168945312,11,67388
human/human_067662.npy,human,1,19.951248168945312,11,67662
human/human_038574.npy,human,1,101.67044067382812,11,38574
human/human_045733.npy,human,1,111.30229187011719,4,45733
human/human_010801.npy,human,1,116.3926010131836,5,10801
human/human_006583.npy,human,1,142.7300262451172,17,6583
human/human_060828.npy,human,1,54.466148376464844,18,60828
human/human_051058.npy,human,1,63.542823791503906,19,51058
human/human_037271.npy,human,1,89.76464080810547,3,37271
human/human_052761.npy,human,1,106.16870880126953,4,52761
human/human_062716.npy,human,1,59.83073043823242,18,62716
human/human_067206.npy,human,1,24.45736312866211,11,67206
human/human_012596.npy,human,1,133.8392333984375,4,12596
human/human_055763.npy,human,1,73.05741882324219,17,55763
human/human_031454.npy,human,1,46.97716522216797,18,31454
human/human_012155.npy,human,1,114.77994537353516,3,12155
human/human_023873.npy,human,1,126.15665435791016,5,23873
human/human_046324.npy,human,1,51.971553802490234,18,46324
human/human_020484.npy,human,1,120.69886779785156,5,20484
human/human_052509.npy,human,1,148.9376220703125,18,52509
human/human_032009.npy,human,1,57.15401840209961,19,32009
human/human_053426.npy,human,1,54.466148376464844,18,53426
human/human_044747.npy,human,1,89.76464080810547,3,44747
human/human_052525.npy,human,1,148.9376220703125,18,52525
human/human_030019.npy,human,1,103.58285522460938,5,30019
human/human_048496.npy,human,1,67.34915924072266,17,48496
human/human_034663.npy,human,1,54.37480545043945,19,34663
human/human_029922.npy,human,1,104.94941711425781,11,29922
human/human_031681.npy,human,1,32.36286163330078,11,31681
human/human_027658.npy,human,1,67.32445526123047,18,27658
human/human_024997.npy,human,1,130.15631103515625,3,24997
human/human_006171.npy,human,1,138.62326049804688,4,6171
human/human_005262.npy,human,1,108.32960510253906,4,5262
bovid/bovid_042237.npy,bovid,6,102.1178970336914,5,42237
bovid/bovid_016929.npy,bovid,6,20.889312744140625,12,16929
bovid/bovid_059786.npy,bovid,6,42.2990837097168,5,59786
bovid/bovid_001129.npy,bovid,6,146.76956176757812,18,1129
bovid/bovid_014450.npy,bovid,6,132.00592041015625,11,14450
bovid/bovid_059589.npy,bovid,6,46.97716522216797,18,59589
bovid/bovid_068201.npy,bovid,6,33.348785400390625,3,68201
bovid/bovid_018147.npy,bovid,6,114.11396026611328,4,18147
bovid/bovid_048159.npy,bovid,6,59.47850036621094,17,48159
bovid/bovid_024145.npy,bovid,6,11.813516616821289,10,24145
bovid/bovid_001176.npy,bovid,6,83.43883514404297,3,1176
bovid/bovid_068700.npy,bovid,6,104.00068664550781,4,68700
bovid/bovid_023221.npy,bovid,6,34.449283599853516,10,23221
bovid/bovid_069182.npy,bovid,6,36.92877197265625,4,69182
bovid/bovid_069265.npy,bovid,6,44.48176956176758,4,69265
bovid/bovid_016859.npy,bovid,6,20.889312744140625,12,16859
bovid/bovid_045440.npy,bovid,6,99.82176208496094,5,45440
bovid/bovid_002246.npy,bovid,6,59.47850036621094,17,2246
bovid/bovid_059895.npy,bovid,6,59.47850036621094,17,59895
bovid/bovid_066575.npy,bovid,6,47.20819091796875,10,66575
bovid/bovid_023562.npy,bovid,6,118.29611206054688,4,23562
bovid/bovid_068189.npy,bovid,6,33.348785400390625,3,68189
bovid/bovid_059496.npy,bovid,6,28.70429039001465,3,59496
bovid/bovid_023226.npy,bovid,6,34.449283599853516,10,23226
bovid/bovid_068943.npy,bovid,6,44.48176956176758,4,68943
bovid/bovid_045433.npy,bovid,6,108.64990234375,4,45433
bovid/bovid_014320.npy,bovid,6,120.25585174560547,3,14320
bovid/bovid_058381.npy,bovid,6,16.00770378112793,16,58381
bovid/bovid_045496.npy,bovid,6,51.971553802490234,18,45496
bovid/bovid_042139.npy,bovid,6,97.55076599121094,3,42139
bovid/bovid_047196.npy,bovid,6,97.55076599121094,3,47196
bovid/bovid_045492.npy,bovid,6,94.68093872070312,3,45492
bovid/bovid_043247.npy,bovid,6,102.1178970336914,5,43247
bovid/bovid_057885.npy,bovid,6,62.737640380859375,17,57885
bovid/bovid_043445.npy,bovid,6,102.1178970336914,5,43445
bovid/bovid_047237.npy,bovid,6,57.15401840209961,19,47237
bovid/bovid_018214.npy,bovid,6,90.49822998046875,5,18214
bovid/bovid_023697.npy,bovid,6,46.63936996459961,18,23697
bovid/bovid_001097.npy,bovid,6,26.884857177734375,3,1097
bovid/bovid_014434.npy,bovid,6,93.84300994873047,4,14434
bovid/bovid_023206.npy,bovid,6,34.449283599853516,10,23206
bovid/bovid_023635.npy,bovid,6,108.3813247680664,5,23635
bovid/bovid_059471.npy,bovid,6,147.84390258789062,18,59471
bovid/bovid_059514.npy,bovid,6,82.0777359008789,3,59514
bovid/bovid_014466.npy,bovid,6,46.97716522216797,18,14466
bovid/bovid_069241.npy,bovid,6,147.84390258789062,18,69241
bovid/bovid_059812.npy,bovid,6,28.70429039001465,3,59812
bovid/bovid_004417.npy,bovid,6,34.9093132019043,4,4417
bovid/bovid_016988.npy,bovid,6,24.494943618774414,12,16988
bovid/bovid_043268.npy,bovid,6,57.15401840209961,19,43268
bovid/bovid_001092.npy,bovid,6,35.566810607910156,4,1092
bovid/bovid_059678.npy,bovid,6,125.45983123779297,11,59678
bovid/bovid_043459.npy,bovid,6,49.858985900878906,18,43459
bovid/bovid_059879.npy,bovid,6,51.933143615722656,19,59879
bovid/bovid_068668.npy,bovid,6,104.00068664550781,4,68668
bovid/bovid_023456.npy,bovid,6,60.92334747314453,17,23456
bovid/bovid_023312.npy,bovid,6,147.84390258789062,18,23312
bovid/bovid_069167.npy,bovid,6,36.92877197265625,4,69167
bovid/bovid_018173.npy,bovid,6,93.34583282470703,4,18173
bovid/bovid_016944.npy,bovid,6,20.889312744140625,12,16944
bovid/bovid_013424.npy,bovid,6,59.47850036621094,17,13424
bovid/bovid_068629.npy,bovid,6,22.957612991333008,10,68629
bovid/bovid_057762.npy,bovid,6,97.55076599121094,3,57762
bovid/bovid_002274.npy,bovid,6,59.47850036621094,17,2274
bovid/bovid_023480.npy,bovid,6,60.92334747314453,17,23480
bovid/bovid_016901.npy,bovid,6,20.889312744140625,12,16901
bovid/bovid_023391.npy,bovid,6,48.17871856689453,18,23391
bovid/bovid_069490.npy,bovid,6,16.00770378112793,16,69490
bovid/bovid_068935.npy,bovid,6,44.48176956176758,4,68935
bovid/bovid_018190.npy,bovid,6,48.17871856689453,18,18190
bovid/bovid_069363.npy,bovid,6,144.6807403564453,18,69363
bovid/bovid_045594.npy,bovid,6,36.36589050292969,5,45594
bovid/bovid_023732.npy,bovid,6,59.01031494140625,17,23732
bovid/bovid_068971.npy,bovid,6,44.48176956176758,4,68971
bovid/bovid_069365.npy,bovid,6,33.04190444946289,4,69365
bovid/bovid_043364.npy,bovid,6,57.15401840209961,19,43364
bovid/bovid_068856.npy,bovid,6,80.68744659423828,17,68856
bovid/bovid_013438.npy,bovid,6,51.933143615722656,19,13438
bovid/bovid_069431.npy,bovid,6,16.00770378112793,16,69431
bovid/bovid_016976.npy,bovid,6,20.889312744140625,12,16976
bovid/bovid_002295.npy,bovid,6,46.97716522216797,18,2295
bovid/bovid_069151.npy,bovid,6,28.70429039001465,3,69151
bovid/bovid_045548.npy,bovid,6,99.82176208496094,5,45548
bovid/bovid_069487.npy,bovid,6,22.47881317138672,3,69487
bovid/bovid_069456.npy,bovid,6,16.00770378112793,16,69456
bovid/bovid_059735.npy,bovid,6,59.47850036621094,17,59735
bovid/bovid_016900.npy,bovid,6,20.889312744140625,12,16900
bovid/bovid_069325.npy,bovid,6,25.094532012939453,3,69325
bovid/bovid_069319.npy,bovid,6,25.094532012939453,3,69319
bovid/bovid_018189.npy,bovid,6,60.92334747314453,17,18189
bovid/bovid_048248.npy,bovid,6,107.26888275146484,5,48248
bovid/bovid_045468.npy,bovid,6,94.68093872070312,3,45468
bovid/bovid_042264.npy,bovid,6,57.15401840209961,19,42264
bovid/bovid_025669.npy,bovid,6,16.616853713989258,10,25669
bovid/bovid_023617.npy,bovid,6,108.3813247680664,5,23617
bovid/bovid_023661.npy,bovid,6,46.63936996459961,18,23661
bovid/bovid_069323.npy,bovid,6,34.268680572509766,4,69323
bovid/bovid_059684.npy,bovid,6,95.16570281982422,5,59684
bovid/bovid_068645.npy,bovid,6,72.48316955566406,17,68645
bovid/bovid_059779.npy,bovid,6,51.933143615722656,19,59779
bovid/bovid_068888.npy,bovid,6,38.090049743652344,3,68888
bovid/bovid_059773.npy,bovid,6,82.0777359008789,3,59773
bovid/bovid_023561.npy,bovid,6,105.098876953125,3,23561
bovid/bovid_016977.npy,bovid,6,20.889312744140625,12,16977
bovid/bovid_023350.npy,bovid,6,54.37480545043945,19,23350
bovid/bovid_023688.npy,bovid,6,118.29611206054688,4,23688
bovid/bovid_069201.npy,bovid,6,67.86100006103516,18,69201
bovid/bovid_045456.npy,bovid,6,94.68093872070312,3,45456
bovid/bovid_045610.npy,bovid,6,36.36589050292969,5,45610
bovid/bovid_023666.npy,bovid,6,59.01031494140625,17,23666
bovid/bovid_045470.npy,bovid,6,99.82176208496094,5,45470
bovid/bovid_069359.npy,bovid,6,33.04190444946289,4,69359
bovid/bovid_017030.npy,bovid,6,24.494943618774414,12,17030
bovid/bovid_068277.npy,bovid,6,28.70429039001465,3,68277
bovid/bovid_069169.npy,bovid,6,28.70429039001465,3,69169
bovid/bovid_045627.npy,bovid,6,144.17132568359375,18,45627
bovid/bovid_059788.npy,bovid,6,28.70429039001465,3,59788
bovid/bovid_057814.npy,bovid,6,49.858985900878906,18,57814
bovid/bovid_069154.npy,bovid,6,28.70429039001465,3,69154
bovid/bovid_048244.npy,bovid,6,46.97716522216797,18,48244
bovid/bovid_004419.npy,bovid,6,25.98567771911621,3,4419
bovid/bovid_068259.npy,bovid,6,28.70429039001465,3,68259
bovid/bovid_059740.npy,bovid,6,95.16570281982422,5,59740
bovid/bovid_069119.npy,bovid,6,44.48176956176758,4,69119
bovid/bovid_059926.npy,bovid,6,46.97716522216797,18,59926
bovid/bovid_069492.npy,bovid,6,16.00770378112793,16,69492
bovid/bovid_043536.npy,bovid,6,62.737640380859375,17,43536
bovid/bovid_023380.npy,bovid,6,54.37480545043945,19,23380
bovid/bovid_023717.npy,bovid,6,105.098876953125,3,23717
bovid/bovid_023702.npy,bovid,6,59.01031494140625,17,23702
bovid/bovid_070459.npy,bovid,6,26.884857177734375,3,70459
bovid/bovid_016869.npy,bovid,6,20.889312744140625,12,16869
bovid/bovid_023625.npy,bovid,6,46.63936996459961,18,23625
bovid/bovid_069350.npy,bovid,6,33.04190444946289,4,69350
bovid/bovid_014337.npy,bovid,6,122.5508804321289,4,14337
bovid/bovid_016951.npy,bovid,6,20.889312744140625,12,16951
bovid/bovid_025676.npy,bovid,6,16.616853713989258,10,25676
bovid/bovid_069222.npy,bovid,6,81.11181640625,3,69222
bovid/bovid_057784.npy,bovid,6,49.858985900878906,18,57784
bovid/bovid_023589.npy,bovid,6,46.63936996459961,18,23589
bovid/bovid_059851.npy,bovid,6,117.07341766357422,4,59851
bovid/bovid_016906.npy,bovid,6,20.889312744140625,12,16906
bovid/bovid_069297.npy,bovid,6,145.71502685546875,18,69297
bovid/bovid_043298.npy,bovid,6,57.15401840209961,19,43298
bovid/bovid_068282.npy,bovid,6,147.84390258789062,18,68282
bovid/bovid_069400.npy,bovid,6,25.094532012939453,3,69400
bovid/bovid_043418.npy,bovid,6,57.15401840209961,19,43418
bovid/bovid_068956.npy,bovid,6,38.090049743652344,3,68956
bovid/bovid_043285.npy,bovid,6,49.858985900878906,18,43285
bovid/bovid_068904.npy,bovid,6,38.090049743652344,3,68904
bovid/bovid_001192.npy,bovid,6,83.43883514404297,3,1192
bovid/bovid_068815.npy,bovid,6,44.48176956176758,4,68815
bovid/bovid_057897.npy,bovid,6,62.737640380859375,17,57897
bovid/bovid_068245.npy,bovid,6,36.92877197265625,4,68245
bovid/bovid_068989.npy,bovid,6,57.39995574951172,4,68989
bovid/bovid_024178.npy,bovid,6,11.813516616821289,10,24178
bovid/bovid_043307.npy,bovid,6,102.1178970336914,5,43307
bovid/bovid_013364.npy,bovid,6,59.47850036621094,17,13364
bovid/bovid_023444.npy,bovid,6,60.92334747314453,17,23444
bovid/bovid_048218.npy,bovid,6,107.26888275146484,5,48218
bovid/bovid_042110.npy,bovid,6,111.30229187011719,4,42110
bovid/bovid_043222.npy,bovid,6,111.30229187011719,4,43222
bovid/bovid_023601.npy,bovid,6,46.63936996459961,18,23601
bovid/bovid_069220.npy,bovid,6,80.68744659423828,17,69220
noise/noise_062052.npy,noise,0,53.88418197631836,18,62052
noise/noise_064478.npy,noise,0,56.490047454833984,19,64478
noise/noise_064697.npy,noise,0,103.52249908447266,5,64697
noise/noise_066583.npy,noise,0,29.564207077026367,4,66583
noise/noise_066585.npy,noise,0,27.62882423400879,3,66585
noise/noise_064919.npy,noise,0,103.52249908447266,5,64919
noise/noise_007845.npy,noise,0,21.630023956298828,3,7845
noise/noise_061579.npy,noise,0,146.2397918701172,18,61579
noise/noise_064374.npy,noise,0,64.78661346435547,17,64374
noise/noise_007843.npy,noise,0,31.894725799560547,4,7843
noise/noise_064778.npy,noise,0,56.490047454833984,19,64778
noise/noise_007900.npy,noise,0,106.77806854248047,4,7900
noise/noise_064683.npy,noise,0,100.71783447265625,3,64683
noise/noise_062035.npy,noise,0,58.2026481628418,19,62035
noise/noise_061555.npy,noise,0,146.2397918701172,18,61555
noise/noise_064698.npy,noise,0,64.78661346435547,17,64698
noise/noise_064157.npy,noise,0,26.884857177734375,3,64157
noise/noise_007956.npy,noise,0,21.630023956298828,3,7956
noise/noise_066418.npy,noise,0,39.318519592285156,12,66418
noise/noise_064867.npy,noise,0,52.48301696777344,18,64867
noise/noise_064795.npy,noise,0,52.48301696777344,18,64795
noise/noise_007888.npy,noise,0,106.77806854248047,4,7888
noise/noise_001215.npy,noise,0,24.494943618774414,12,1215
noise/noise_007213.npy,noise,0,20.889312744140625,12,7213
noise/noise_064134.npy,noise,0,35.566810607910156,4,64134
noise/noise_064510.npy,noise,0,113.67000579833984,4,64510
noise/noise_064383.npy,noise,0,100.71783447265625,3,64383
noise/noise_064772.npy,noise,0,56.490047454833984,19,64772
noise/noise_007995.npy,noise,0,138.3446502685547,3,7995
noise/noise_066420.npy,noise,0,39.318519592285156,12,66420
noise/noise_064516.npy,noise,0,113.67000579833984,4,64516
noise/noise_064214.npy,noise,0,35.566810607910156,4,64214
noise/noise_066537.npy,noise,0,122.41844940185547,4,66537
noise/noise_063512.npy,noise,0,38.19346618652344,12,63512
noise/noise_066449.npy,noise,0,58.46000289916992,17,66449
noise/noise_064953.npy,noise,0,100.71783447265625,3,64953
noise/noise_064973.npy,noise,0,103.52249908447266,5,64973
noise/noise_064835.npy,noise,0,103.52249908447266,5,64835
noise/noise_061577.npy,noise,0,34.9093132019043,4,61577
noise/noise_063529.npy,noise,0,38.19346618652344,12,63529
noise/noise_064938.npy,noise,0,64.78661346435547,17,64938
noise/noise_066465.npy,noise,0,122.41844940185547,4,66465
noise/noise_046286.npy,noise,0,16.12412452697754,12,46286
noise/noise_064563.npy,noise,0,100.71783447265625,3,64563
noise/noise_064792.npy,noise,0,113.67000579833984,4,64792
noise/noise_068802.npy,noise,0,18.37790870666504,10,68802
noise/noise_068598.npy,noise,0,53.31843185424805,12,68598
noise/noise_001225.npy,noise,0,24.494943618774414,12,1225
noise/noise_061571.npy,noise,0,146.2397918701172,18,61571
noise/noise_064331.npy,noise,0,22.62972068786621,11,64331
noise/noise_064630.npy,noise,0,113.67000579833984,4,64630
noise/noise_007223.npy,noise,0,35.50873565673828,12,7223
noise/noise_001224.npy,noise,0,24.494943618774414,12,1224
noise/noise_068618.npy,noise,0,53.31843185424805,12,68618
noise/noise_064334.npy,noise,0,22.62972068786621,11,64334
noise/noise_007934.npy,noise,0,143.66712951660156,18,7934
noise/noise_064993.npy,noise,0,52.48301696777344,18,64993
noise/noise_064819.npy,noise,0,52.48301696777344,18,64819
noise/noise_064153.npy,noise,0,26.884857177734375,3,64153
noise/noise_068585.npy,noise,0,11.403156280517578,16,68585
noise/noise_064138.npy,noise,0,35.566810607910156,4,64138
noise/noise_064810.npy,noise,0,113.67000579833984,4,64810
noise/noise_066267.npy,noise,0,11.403156280517578,16,66267
noise/noise_066440.npy,noise,0,109.58799743652344,3,66440
noise/noise_064332.npy,noise,0,22.62972068786621,11,64332
noise/noise_064104.npy,noise,0,146.76956176757812,18,64104
noise/noise_070070.npy,noise,0,14.917970657348633,10,70070
noise/noise_007225.npy,noise,0,35.50873565673828,12,7225
noise/noise_066497.npy,noise,0,58.46000289916992,17,66497
noise/noise_064763.npy,noise,0,103.52249908447266,5,64763
noise/noise_066521.npy,noise,0,58.46000289916992,17,66521
noise/noise_064188.npy,noise,0,146.76956176757812,18,64188
noise/noise_064475.npy,noise,0,103.52249908447266,5,64475
noise/noise_007926.npy,noise,0,102.20125579833984,3,7926
noise/noise_070072.npy,noise,0,14.917970657348633,10,70072
noise/noise_064917.npy,noise,0,100.71783447265625,3,64917
noise/noise_064207.npy,noise,0,40.56795120239258,5,64207
noise/noise_064885.npy,noise,0,52.48301696777344,18,64885
noise/noise_007896.npy,noise,0,102.20125579833984,3,7896
noise/noise_064546.npy,noise,0,113.67000579833984,4,64546
noise/noise_066329.npy,noise,0,58.46000289916992,17,66329
noise/noise_007855.npy,noise,0,31.894725799560547,4,7855
noise/noise_064939.npy,noise,0,52.48301696777344,18,64939
noise/noise_063485.npy,noise,0,44.462764739990234,12,63485
noise/noise_066314.npy,noise,0,109.58799743652344,3,66314
noise/noise_064515.npy,noise,0,100.71783447265625,3,64515
noise/noise_070602.npy,noise,0,146.5155487060547,17,70602
noise/noise_064547.npy,noise,0,103.52249908447266,5,64547
noise/noise_068595.npy,noise,0,53.31843185424805,12,68595
noise/noise_064568.npy,noise,0,56.490047454833984,19,64568
noise/noise_064846.npy,noise,0,113.67000579833984,4,64846
noise/noise_013261.npy,noise,0,21.630023956298828,3,13261
noise/noise_066417.npy,noise,0,39.318519592285156,12,66417
noise/noise_064381.npy,noise,0,52.48301696777344,18,64381
noise/noise_064589.npy,noise,0,103.52249908447266,5,64589
noise/noise_064842.npy,noise,0,64.78661346435547,17,64842
noise/noise_007891.npy,noise,0,106.77806854248047,4,7891
noise/noise_064903.npy,noise,0,52.48301696777344,18,64903
noise/noise_007914.npy,noise,0,102.20125579833984,3,7914
noise/noise_004557.npy,noise,0,148.46743774414062,18,4557
noise/noise_066388.npy,noise,0,112.11944580078125,5,66388
noise/noise_004527.npy,noise,0,148.46743774414062,18,4527
noise/noise_025618.npy,noise,0,131.4543914794922,11,25618
noise/noise_064833.npy,noise,0,100.71783447265625,3,64833
noise/noise_066438.npy,noise,0,46.721153259277344,18,66438
noise/noise_064391.npy,noise,0,103.52249908447266,5,64391
noise/noise_064486.npy,noise,0,113.67000579833984,4,64486
noise/noise_064668.npy,noise,0,64.78661346435547,17,64668
noise/noise_065020.npy,noise,0,56.490047454833984,19,65020
noise/noise_064240.npy,noise,0,146.76956176757812,18,64240
noise/noise_064485.npy,noise,0,100.71783447265625,3,64485
noise/noise_064470.npy,noise,0,64.78661346435547,17,64470
noise/noise_070605.npy,noise,0,19.34571075439453,3,70605
noise/noise_007913.npy,noise,0,131.4543914794922,11,7913
noise/noise_066534.npy,noise,0,46.721153259277344,18,66534
noise/noise_007976.npy,noise,0,143.66712951660156,18,7976
noise/noise_064699.npy,noise,0,52.48301696777344,18,64699
noise/noise_066486.npy,noise,0,46.721153259277344,18,66486
noise/noise_063451.npy,noise,0,37.31919860839844,12,63451
noise/noise_004551.npy,noise,0,148.46743774414062,18,4551
noise/noise_064601.npy,noise,0,103.52249908447266,5,64601
noise/noise_064181.npy,noise,0,26.884857177734375,3,64181
noise/noise_066423.npy,noise,0,122.41844940185547,4,66423
noise/noise_064818.npy,noise,0,64.78661346435547,17,64818
noise/noise_064771.npy,noise,0,52.48301696777344,18,64771
noise/noise_007910.npy,noise,0,131.4543914794922,11,7910
noise/noise_070613.npy,noise,0,19.34571075439453,3,70613
noise/noise_064883.npy,noise,0,103.52249908447266,5,64883
noise/noise_007988.npy,noise,0,114.93614959716797,11,7988
noise/noise_066326.npy,noise,0,109.58799743652344,3,66326
noise/noise_007917.npy,noise,0,102.20125579833984,3,7917
noise/noise_007908.npy,noise,0,102.20125579833984,3,7908
noise/noise_013287.npy,noise,0,20.889312744140625,12,13287
noise/noise_007880.npy,noise,0,131.4543914794922,11,7880
noise/noise_007998.npy,noise,0,138.3446502685547,3,7998
noise/noise_064424.npy,noise,0,56.490047454833984,19,64424
noise/noise_064202.npy,noise,0,35.566810607910156,4,64202
noise/noise_064419.npy,noise,0,100.71783447265625,3,64419
noise/noise_061501.npy,noise,0,15.641550064086914,16,61501
noise/noise_064660.npy,noise,0,113.67000579833984,4,64660
noise/noise_064428.npy,noise,0,64.78661346435547,17,64428
noise/noise_025687.npy,noise,0,39.086978912353516,16,25687
noise/noise_064338.npy,noise,0,22.62972068786621,11,64338
noise/noise_064828.npy,noise,0,113.67000579833984,4,64828
noise/noise_066466.npy,noise,0,112.11944580078125,5,66466
noise/noise_001209.npy,noise,0,24.494943618774414,12,1209
noise/noise_007943.npy,noise,0,143.66712951660156,18,7943
noise/noise_066383.npy,noise,0,58.46000289916992,17,66383
noise/noise_061537.npy,noise,0,15.641550064086914,16,61537
noise/noise_066447.npy,noise,0,122.41844940185547,4,66447
noise/noise_066545.npy,noise,0,58.46000289916992,17,66545
noise/noise_064911.npy,noise,0,100.71783447265625,3,64911
noise/noise_005388.npy,noise,0,11.403156280517578,16,5388
noise/noise_004526.npy,noise,0,39.87382507324219,11,4526
noise/noise_066287.npy,noise,0,58.46000289916992,17,66287
noise/noise_008014.npy,noise,0,142.9083251953125,4,8014
noise/noise_066364.npy,noise,0,112.11944580078125,5,66364
noise/noise_068606.npy,noise,0,53.31843185424805,12,68606
noise/noise_063494.npy,noise,0,38.19346618652344,12,63494
noise/noise_064764.npy,noise,0,64.78661346435547,17,64764
noise/noise_068615.npy,noise,0,53.31843185424805,12,68615
noise/noise_064573.npy,noise,0,52.48301696777344,18,64573
noise/noise_004549.npy,noise,0,148.46743774414062,18,4549
noise/noise_066496.npy,noise,0,112.11944580078125,5,66496
